-- phpMyAdmin SQL Dump
-- version 4.2.11
-- http://www.phpmyadmin.net
--
-- Servidor: 127.0.0.1
-- Tiempo de generación: 14-05-2015 a las 16:44:54
-- Versión del servidor: 5.6.21-log
-- Versión de PHP: 5.6.3

SET SQL_MODE = "NO_AUTO_VALUE_ON_ZERO";
SET time_zone = "+00:00";


/*!40101 SET @OLD_CHARACTER_SET_CLIENT=@@CHARACTER_SET_CLIENT */;
/*!40101 SET @OLD_CHARACTER_SET_RESULTS=@@CHARACTER_SET_RESULTS */;
/*!40101 SET @OLD_COLLATION_CONNECTION=@@COLLATION_CONNECTION */;
/*!40101 SET NAMES utf8 */;

--
-- Base de datos: `papeleria`
--
CREATE DATABASE IF NOT EXISTS `papeleria` DEFAULT CHARACTER SET latin1 COLLATE latin1_swedish_ci;
USE `papeleria`;

-- --------------------------------------------------------

--
-- Estructura de tabla para la tabla `articulo`
--

DROP TABLE IF EXISTS `articulo`;
CREATE TABLE IF NOT EXISTS `articulo` (
`codigo` int(11) NOT NULL,
  `nombre` varchar(20) NOT NULL,
  `descripcion` varchar(255) DEFAULT NULL,
  `departamento_idDepartamento` int(11) NOT NULL,
  `unidad_idUnidad` int(11) NOT NULL,
  `defecto` varchar(20) NOT NULL,
  `iva_ivacompra` int(11) NOT NULL,
  `iva_ivaventa` int(11) NOT NULL,
  `costo_prov` varchar(20) NOT NULL,
  `ocosto_prov` varchar(20) NOT NULL,
  `a_venta` varchar(20) NOT NULL,
  `b_venta` varchar(20) NOT NULL,
  `c_venta` varchar(20) NOT NULL,
  `d_venta` varchar(20) NOT NULL,
  `a_costo` varchar(20) NOT NULL,
  `b_costo` varchar(20) NOT NULL,
  `c_costo` varchar(20) NOT NULL,
  `d_costo` varchar(20) NOT NULL
) ENGINE=InnoDB AUTO_INCREMENT=244 DEFAULT CHARSET=latin1;

--
-- Volcado de datos para la tabla `articulo`
--

INSERT INTO `articulo` (`codigo`, `nombre`, `descripcion`, `departamento_idDepartamento`, `unidad_idUnidad`, `defecto`, `iva_ivacompra`, `iva_ivaventa`, `costo_prov`, `ocosto_prov`, `a_venta`, `b_venta`, `c_venta`, `d_venta`, `a_costo`, `b_costo`, `c_costo`, `d_costo`) VALUES
(1, 'Impresion a color', '', 1, 1, 'A', 3, 3, '0', '0', '1', '0', '0', '0', '0.7', '0', '0', '0'),
(2, 'abacos infantil', 'infantil', 2, 1, 'A', 3, 3, '0', '0', '15', '0', '0', '0', '0', '0', '0', '0'),
(3, 'acuarelas pelikan', 'junior', 3, 1, 'A', 3, 3, '0', '0', '52', '0', '0', '0', '44.8275862068966', '0', '0', '0'),
(4, 'acuarelas pelikan', 'infantil', 3, 1, 'A', 3, 3, '0', '0', '15', '0', '0', '0', '12.9310344827586', '0', '0', '0'),
(5, 'acuarelas vina', 'vina', 3, 1, 'A', 3, 3, '0', '0', '10', '0', '0', '0', '8.62068965517241', '0', '0', '0'),
(6, 'goma migajon', 'factis', 4, 1, 'A', 3, 3, '0', '0', '8', '0', '0', '0', '6.89655172413793', '0', '0', '0'),
(7, 'goma migajon', 'pelican', 4, 1, 'A', 3, 3, '0', '0', '6', '0', '0', '0', '5.17241379310345', '0', '0', '0'),
(8, 'corrector chico', 'bic 4ml.', 4, 1, 'A', 3, 3, '0', '0', '20', '0', '0', '0', '17.2413793103448', '0', '0', '0'),
(9, 'corrector liquido', 'liquid paper', 4, 1, 'A', 3, 3, '0', '0', '15', '0', '0', '0', '12.9310344827586', '0', '0', '0'),
(10, 'corrector grande', 'liquis paper lapiz', 4, 1, 'A', 3, 3, '0', '0', '28', '0', '0', '0', '24.1379310344828', '0', '0', '0'),
(11, 'goma figura', 'china goma', 4, 1, 'A', 3, 3, '0', '0', '5', '0', '0', '0', '4.31034482758621', '0', '0', '0'),
(12, 'corrector cinta', 'bic tape', 4, 1, 'A', 3, 3, '0', '0', '21', '0', '0', '0', '18.1034482758621', '0', '0', '0'),
(13, 'corrector cinta', 'malaysia', 4, 1, 'A', 3, 3, '0', '0', '35', '0', '0', '0', '30.1724137931034', '0', '0', '0'),
(14, 'goma pelican grande', 'pelican sensilla', 4, 1, 'A', 3, 3, '0', '0', '3', '0', '0', '0', '2.58620689655172', '0', '0', '0'),
(15, 'goma chica pelican', 'pelican chica', 4, 1, 'A', 3, 3, '0', '0', '1', '0', '0', '0', '0.862068965517241', '0', '0', '0'),
(16, 'goma pelican duo br4', 'goma duo', 4, 1, 'A', 3, 3, '0', '0', '4', '0', '0', '0', '3.44827586206897', '0', '0', '0'),
(17, 'brillantina', 'chica', 5, 1, 'A', 3, 3, '0', '0', '3', '0', '0', '0', '2.58620689655172', '0', '0', '0'),
(18, 'brillantina', 'grande', 5, 1, 'A', 3, 3, '0', '0', '15', '0', '0', '0', '12.9310344827586', '0', '0', '0'),
(19, 'canicas', 'v/colores', 6, 1, 'A', 3, 3, '0', '0', '5', '0', '0', '0', '4.31034482758621', '0', '0', '0'),
(20, 'cheques', 'cheques para practicas comerciales', 7, 1, 'A', 3, 3, '0', '0', '7', '0', '0', '0', '6.03448275862069', '0', '0', '0'),
(21, 'baco mariposa', '#2', 8, 1, 'A', 3, 3, '0', '0', '40', '0', '0', '0', '34.4827586206897', '0', '0', '0'),
(22, 'baco mariposa', '#1', 8, 1, 'A', 3, 3, '0', '0', '20', '0', '0', '0', '17.2413793103448', '0', '0', '0'),
(23, 'colores mapita chico', '12 pz', 9, 1, 'A', 3, 3, '0', '0', '12', '0', '0', '0', '10.3448275862069', '0', '0', '0'),
(24, 'colores jungla chico', '12 pz', 9, 1, 'A', 3, 3, '0', '0', '14', '0', '0', '0', '12.0689655172414', '0', '0', '0'),
(25, 'colores pelikan gran', '24pz', 9, 1, 'A', 3, 3, '0', '0', '70', '0', '0', '0', '60.3448275862069', '0', '0', '0'),
(26, 'colores colores norm', '24pz', 9, 1, 'A', 3, 3, '0', '0', '110', '0', '0', '0', '94.8275862068966', '0', '0', '0'),
(27, 'colores norma', '12pz', 9, 1, 'A', 3, 3, '0', '0', '62', '0', '0', '0', '53.448275862069', '0', '0', '0'),
(28, 'colores mapita grand', '12pz', 9, 1, 'A', 3, 3, '0', '0', '22', '0', '0', '0', '18.9655172413793', '0', '0', '0'),
(29, 'colores vividel', '12pz', 9, 1, 'A', 3, 3, '0', '0', '39', '0', '0', '0', '33.6206896551724', '0', '0', '0'),
(30, 'colores maped', '24pz', 9, 1, 'A', 3, 3, '0', '0', '55', '0', '0', '0', '47.4137931034483', '0', '0', '0'),
(31, 'colores bic kids', '12pz', 9, 1, 'A', 3, 3, '0', '0', '35', '0', '0', '0', '30.1724137931034', '0', '0', '0'),
(32, 'compas presición', 'compas mapet', 10, 1, 'A', 3, 3, '0', '0', '22', '0', '0', '0', '18.9655172413793', '0', '0', '0'),
(33, 'compas baco', 'azules', 10, 1, 'A', 3, 3, '0', '0', '15', '0', '0', '0', '12.9310344827586', '0', '0', '0'),
(34, 'crayolas carmen', 'triangulares gruesas de 12 pz', 11, 1, 'A', 3, 3, '0', '0', '32', '0', '0', '0', '27.5862068965517', '0', '0', '0'),
(35, 'crayolas pelikan', 'jumbo de 12pz', 11, 1, 'A', 3, 3, '0', '0', '30', '0', '0', '0', '25.8620689655172', '0', '0', '0'),
(36, 'navajas', 'delgado', 12, 1, 'A', 3, 3, '0', '0', '10', '0', '0', '0', '8.62068965517241', '0', '0', '0'),
(37, 'cebra', 'grueso', 12, 1, 'A', 3, 3, '0', '0', '11', '0', '0', '0', '9.48275862068966', '0', '0', '0'),
(38, 'cebra', 'delgado', 12, 1, 'A', 3, 3, '0', '0', '7', '0', '0', '0', '6.03448275862069', '0', '0', '0'),
(39, 'navaja', 'gruesa', 12, 1, 'A', 3, 3, '0', '0', '14', '0', '0', '0', '12.0689655172414', '0', '0', '0'),
(40, 'dvd sony', 'original', 13, 1, 'A', 3, 3, '0', '0', '17', '0', '0', '0', '14.6551724137931', '0', '0', '0'),
(41, 'dvd sony', 'sobre economico', 13, 1, 'A', 3, 3, '0', '0', '15', '0', '0', '0', '12.9310344827586', '0', '0', '0'),
(42, 'cd', 'sobre economico', 13, 1, 'A', 3, 3, '0', '0', '7', '0', '0', '0', '6.03448275862069', '0', '0', '0'),
(43, 'cd', 'caja plastica', 13, 1, 'A', 3, 3, '0', '0', '13', '0', '0', '0', '11.2068965517241', '0', '0', '0'),
(44, 'diurez chico', 'scotch', 14, 1, 'A', 3, 3, '0', '0', '2', '0', '0', '0', '1.72413793103448', '0', '0', '0'),
(45, 'diurex cea', '1210', 14, 1, 'A', 3, 3, '0', '0', '5', '0', '0', '0', '4.31034482758621', '0', '0', '0'),
(46, 'diurex cea', '1220', 14, 1, 'A', 3, 3, '0', '0', '8', '0', '0', '0', '6.89655172413793', '0', '0', '0'),
(47, 'diurex cea', '1833', 14, 1, 'A', 3, 3, '0', '0', '20', '0', '0', '0', '17.2413793103448', '0', '0', '0'),
(48, 'diurex tuk', 'chico', 14, 1, 'A', 3, 3, '0', '0', '2', '0', '0', '0', '1.72413793103448', '0', '0', '0'),
(49, 'sinta metalica oro', '18ml X 20 m', 14, 1, 'A', 3, 3, '0', '0', '18', '0', '0', '0', '15.5172413793103', '0', '0', '0'),
(50, 'sinta metalica plata', '18ml X 20m', 14, 1, 'A', 3, 3, '0', '0', '18', '0', '0', '0', '15.5172413793103', '0', '0', '0'),
(51, 'masking tape', 'chica 12mm X 10 m', 14, 1, 'A', 3, 3, '0', '0', '8', '0', '0', '0', '6.89655172413793', '0', '0', '0'),
(52, 'cinta adesiva decora', 'china', 14, 1, 'A', 3, 3, '0', '0', '2', '0', '0', '0', '1.72413793103448', '0', '0', '0'),
(53, 'masquin', '', 14, 1, 'A', 3, 3, '0', '0', '25', '0', '0', '0', '21.551724137931', '0', '0', '0'),
(54, 'cinta adesiva decora', '18m x 65mm (3cm)', 14, 1, 'A', 3, 3, '0', '0', '15', '0', '0', '0', '12.9310344827586', '0', '0', '0'),
(55, 'cinta canela', 'clara y oscura', 14, 1, 'A', 3, 3, '0', '0', '14', '0', '0', '0', '12.0689655172414', '0', '0', '0'),
(56, 'porta gafete', 'pinzas de plastico', 15, 1, 'A', 3, 3, '0', '0', '10', '0', '0', '0', '8.62068965517241', '0', '0', '0'),
(57, 'porta gafete', 'pinzas metalicas', 15, 1, 'A', 3, 3, '0', '0', '10', '0', '0', '0', '8.62068965517241', '0', '0', '0'),
(58, 'micas para gafete', 'grandes', 15, 1, 'A', 3, 3, '0', '0', '10', '0', '0', '0', '8.62068965517241', '0', '0', '0'),
(59, 'micas para gafete', 'chicas', 15, 1, 'A', 3, 3, '0', '0', '6', '0', '0', '0', '5.17241379310345', '0', '0', '0'),
(60, 'cordon para gafete', 'v/colores', 15, 1, 'A', 3, 3, '0', '0', '6', '0', '0', '0', '5.17241379310345', '0', '0', '0'),
(61, 'gises vinci', 'v/colores', 1, 1, 'A', 3, 3, '0', '0', '10', '0', '0', '0', '8.62068965517241', '0', '0', '0'),
(62, 'gises baco', 'blancos', 16, 1, 'A', 3, 3, '0', '0', '7', '0', '0', '0', '6.03448275862069', '0', '0', '0'),
(63, 'gises baco', 'v/colores', 16, 1, 'A', 3, 3, '0', '0', '10', '0', '0', '0', '8.62068965517241', '0', '0', '0'),
(64, 'grapas', 'standard', 18, 1, 'A', 3, 3, '0', '0', '20', '0', '0', '0', '17.2413793103448', '0', '0', '0'),
(65, 's/transportador', 'baco', 17, 1, 'A', 3, 3, '0', '0', '4', '0', '0', '0', '3.44827586206897', '0', '0', '0'),
(66, 's/rosa de los viento', 'baco', 17, 1, 'A', 3, 3, '0', '0', '12', '0', '0', '0', '10.3448275862069', '0', '0', '0'),
(67, 's/regla metalica', 'escrimex 30cm.', 17, 1, 'A', 3, 3, '0', '0', '14', '0', '0', '0', '12.0689655172414', '0', '0', '0'),
(68, 's/regla metalica', 'arly 20cm.', 17, 1, 'A', 3, 3, '0', '0', '10', '0', '0', '0', '8.62068965517241', '0', '0', '0'),
(69, 's/regla plastico', 'koala 30cm', 17, 1, 'A', 3, 3, '0', '0', '4', '0', '0', '0', '3.44827586206897', '0', '0', '0'),
(70, 's/regla madera', 'arly 30cm.', 17, 1, 'A', 3, 3, '0', '0', '10', '0', '0', '0', '8.62068965517241', '0', '0', '0'),
(71, 's/escalimetro profec', 'kaicer', 17, 1, 'A', 3, 3, '0', '0', '50', '0', '0', '0', '43.1034482758621', '0', '0', '0'),
(72, 'juego de geometria', 'koala chico', 17, 1, 'A', 3, 3, '0', '0', '18', '0', '0', '0', '15.5172413793103', '0', '0', '0'),
(73, 'juego de geometria', 'koala grande', 17, 1, 'A', 3, 3, '0', '0', '20', '0', '0', '0', '17.2413793103448', '0', '0', '0'),
(74, 'juego de geometria', 'mapet grande', 17, 1, 'A', 3, 3, '0', '0', '60', '0', '0', '0', '51.7241379310345', '0', '0', '0'),
(75, 'puntillas', '0,7', 19, 1, 'A', 3, 3, '0', '0', '9', '0', '0', '0', '7.75862068965517', '0', '0', '0'),
(76, 'bic diamante', 'negro', 19, 1, 'A', 3, 3, '0', '0', '7', '0', '0', '0', '6.03448275862069', '0', '0', '0'),
(77, 'escrimex mediano', 'azul', 19, 1, 'A', 3, 3, '0', '0', '3', '0', '0', '0', '2.58620689655172', '0', '0', '0'),
(78, 'paper mate eraser', 'negro', 19, 1, 'A', 3, 3, '0', '0', '15', '0', '0', '0', '12.9310344827586', '0', '0', '0'),
(79, 'bic clasico', 'negro', 19, 1, 'A', 3, 3, '0', '0', '4', '0', '0', '0', '3.44827586206897', '0', '0', '0'),
(80, 'bic diamante fino', 'rojo', 19, 1, 'A', 3, 3, '0', '0', '7', '0', '0', '0', '6.03448275862069', '0', '0', '0'),
(81, 'bic bu2 grip', 'azul', 19, 1, 'A', 3, 3, '0', '0', '6', '0', '0', '0', '5.17241379310345', '0', '0', '0'),
(82, 'bic cristal medium g', 'azul', 19, 1, 'A', 3, 3, '0', '0', '7', '0', '0', '0', '6.03448275862069', '0', '0', '0'),
(83, 'bic cristal medium g', 'rojo', 19, 1, 'A', 3, 3, '0', '0', '7', '0', '0', '0', '6.03448275862069', '0', '0', '0'),
(84, 'estabilo point 88', 'de colores', 19, 1, 'A', 3, 3, '0', '0', '15', '0', '0', '0', '12.9310344827586', '0', '0', '0'),
(85, 'zebra z grip', 'rojo', 19, 1, 'A', 3, 3, '0', '0', '10', '0', '0', '0', '8.62068965517241', '0', '0', '0'),
(86, 'pilot G-2 05', 'azul', 19, 1, 'A', 3, 3, '0', '0', '20', '0', '0', '0', '17.2413793103448', '0', '0', '0'),
(87, 'zevra z grip', 'negro', 19, 1, 'A', 3, 3, '0', '0', '12', '0', '0', '0', '10.3448275862069', '0', '0', '0'),
(88, 'bic cristal', 'v/colores', 19, 1, 'A', 3, 3, '0', '0', '6', '0', '0', '0', '5.17241379310345', '0', '0', '0'),
(89, 'gel chiban', 'v/colores', 19, 1, 'A', 3, 3, '0', '0', '4', '0', '0', '0', '3.44827586206897', '0', '0', '0'),
(90, 'zebra ola', 'cafe', 19, 1, 'A', 3, 3, '0', '0', '10', '0', '0', '0', '8.62068965517241', '0', '0', '0'),
(91, 'tec', 'rojo', 19, 1, 'A', 3, 3, '0', '0', '4', '0', '0', '0', '3.44827586206897', '0', '0', '0'),
(92, 'resistol', 'azul', 19, 1, 'A', 3, 3, '0', '0', '10', '0', '0', '0', '8.62068965517241', '0', '0', '0'),
(93, 'zebra ola', 'azul', 19, 1, 'A', 3, 3, '0', '0', '10', '0', '0', '0', '8.62068965517241', '0', '0', '0'),
(94, 'zebra techno', 'azul', 19, 1, 'A', 3, 3, '0', '0', '15', '0', '0', '0', '12.9310344827586', '0', '0', '0'),
(95, 'bic diamante', 'azul', 19, 1, 'A', 3, 3, '0', '0', '7', '0', '0', '0', '6.03448275862069', '0', '0', '0'),
(96, 'bic clasico', 'azul', 19, 1, 'A', 3, 3, '0', '0', '4', '0', '0', '0', '3.44827586206897', '0', '0', '0'),
(97, 'bic clasico', 'rojo', 19, 1, 'A', 3, 3, '0', '0', '4', '0', '0', '0', '3.44827586206897', '0', '0', '0'),
(98, 'bic punto fino', 'azul', 19, 1, 'A', 3, 3, '0', '0', '7', '0', '0', '0', '6.03448275862069', '0', '0', '0'),
(99, 'bic punto fino', 'negro', 19, 1, 'A', 3, 3, '0', '0', '5', '0', '0', '0', '4.31034482758621', '0', '0', '0'),
(100, 'bic punto fino', 'rojo', 19, 1, 'A', 3, 3, '0', '0', '5', '0', '0', '0', '4.31034482758621', '0', '0', '0'),
(101, 'lapiceros v/colors', 'leli china', 19, 1, 'A', 3, 3, '0', '0', '12', '0', '0', '0', '10.3448275862069', '0', '0', '0'),
(102, 'lapicero gel', 'gel cosco', 19, 1, 'A', 3, 3, '0', '0', '6', '0', '0', '0', '5.17241379310345', '0', '0', '0'),
(103, 'lapicero ancho', 'chino', 19, 1, 'A', 3, 3, '0', '0', '10', '0', '0', '0', '8.62068965517241', '0', '0', '0'),
(104, 'bic cristal chico', 'poket', 19, 1, 'A', 3, 3, '0', '0', '7', '0', '0', '0', '6.03448275862069', '0', '0', '0'),
(105, 'lapicero zebra', 'chico gel negro', 19, 1, 'A', 3, 3, '0', '0', '10', '0', '0', '0', '8.62068965517241', '0', '0', '0'),
(106, 'bic multicolor', 'bic 4 colores', 19, 1, 'A', 3, 3, '0', '0', '25', '0', '0', '0', '21.551724137931', '0', '0', '0'),
(107, 'lapicero paper', 'rojo paper mate', 19, 1, 'A', 3, 3, '0', '0', '4', '0', '0', '0', '3.44827586206897', '0', '0', '0'),
(108, 'lapiceros gel paper ', 'lapiceros gel paper mate negro', 19, 1, 'A', 3, 3, '0', '0', '4', '0', '0', '0', '3.44827586206897', '0', '0', '0'),
(109, 'lapiceros gel paper ', 'azul', 19, 1, 'A', 3, 3, '0', '0', '4', '0', '0', '0', '3.44827586206897', '0', '0', '0'),
(110, 'lapicero paper mate', 'azul', 19, 1, 'A', 3, 3, '0', '0', '4', '0', '0', '0', '3.44827586206897', '0', '0', '0'),
(111, 'lapicero paper mate', 'negro', 19, 1, 'A', 3, 3, '0', '0', '4', '0', '0', '0', '3.44827586206897', '0', '0', '0'),
(112, 'bic clasico', 'verde', 19, 1, 'A', 3, 3, '0', '0', '4', '0', '0', '0', '3.44827586206897', '0', '0', '0'),
(113, 'mirado', 'mirado 2', 20, 1, 'A', 3, 3, '0', '0', '4', '0', '0', '0', '3.44827586206897', '0', '0', '0'),
(114, 'mirado', 'mirado 2 1/2', 20, 1, 'A', 3, 3, '0', '0', '4', '0', '0', '0', '3.44827586206897', '0', '0', '0'),
(115, 'bic', '2b', 20, 1, 'A', 3, 3, '0', '0', '4', '0', '0', '0', '3.44827586206897', '0', '0', '0'),
(116, 'bic mentor', '2', 20, 1, 'A', 3, 3, '0', '0', '4', '0', '0', '0', '3.44827586206897', '0', '0', '0'),
(117, 'cebra', 'puntillas .5', 20, 1, 'A', 3, 3, '0', '0', '12', '0', '0', '0', '10.3448275862069', '0', '0', '0'),
(118, 'bic', 'portaminas .5', 20, 1, 'A', 3, 3, '0', '0', '12', '0', '0', '0', '10.3448275862069', '0', '0', '0'),
(119, 'sport', 'puntillas', 20, 1, 'A', 3, 3, '0', '0', '5', '0', '0', '0', '4.31034482758621', '0', '0', '0'),
(120, 'lapiz 2', 'classic', 20, 1, 'A', 3, 3, '0', '0', '4', '0', '0', '0', '3.44827586206897', '0', '0', '0'),
(121, 'lapiz hb 2b', 'dibujo', 20, 1, 'A', 3, 3, '0', '0', '8', '0', '0', '0', '6.89655172413793', '0', '0', '0'),
(122, 'lapiz duo', 'lapiz duo', 20, 1, 'A', 3, 3, '0', '0', '8', '0', '0', '0', '6.89655172413793', '0', '0', '0'),
(123, 'bicolor', 'delgado', 20, 1, 'A', 3, 3, '0', '0', '5', '0', '0', '0', '4.31034482758621', '0', '0', '0'),
(124, 'lapiz entrenador', 'mirado y ticonderoga', 20, 1, 'A', 3, 3, '0', '0', '10', '0', '0', '0', '8.62068965517241', '0', '0', '0'),
(125, 'puntillas', '0,5', 20, 1, 'A', 3, 3, '0', '0', '8', '0', '0', '0', '6.89655172413793', '0', '0', '0'),
(126, 'puntillas', '0,7', 20, 1, 'A', 3, 3, '0', '0', '8', '0', '0', '0', '6.89655172413793', '0', '0', '0'),
(127, 'puntillas', '.5 zebra', 20, 1, 'A', 3, 3, '0', '0', '9', '0', '0', '0', '7.75862068965517', '0', '0', '0'),
(128, 'lapiz boceto', 'vinci', 20, 1, 'A', 3, 3, '0', '0', '16', '0', '0', '0', '13.7931034482759', '0', '0', '0'),
(129, 'lapiz cera rojo', 'berol rojo', 20, 1, 'A', 3, 3, '0', '0', '12', '0', '0', '0', '10.3448275862069', '0', '0', '0'),
(130, 'ligas chicas', 'v/colores', 21, 1, 'A', 3, 3, '0', '0', '20', '0', '0', '0', '17.2413793103448', '0', '0', '0'),
(131, 'ligas grandes', 'delgadas', 21, 1, 'A', 3, 3, '0', '0', '16', '0', '0', '0', '13.7931034482759', '0', '0', '0'),
(132, 'lupa glas', 'mediana', 22, 1, 'A', 3, 3, '0', '0', '13', '0', '0', '0', '11.2068965517241', '0', '0', '0'),
(133, 'lupa barrilito', 'chica', 22, 1, 'A', 3, 3, '0', '0', '10', '0', '0', '0', '8.62068965517241', '0', '0', '0'),
(134, 'lupa', 'mini', 22, 1, 'A', 3, 3, '0', '0', '6', '0', '0', '0', '5.17241379310345', '0', '0', '0'),
(135, 'micas termicas', '64 x 108mm', 23, 1, 'A', 3, 3, '0', '0', '111', '0', '0', '0', '95.6896551724138', '0', '0', '0'),
(136, 'micas termicas', '100 x 145mm', 23, 1, 'A', 3, 3, '0', '0', '111', '0', '0', '0', '95.6896551724138', '0', '0', '0'),
(137, 'micas termicas', '120 x 180mm', 23, 1, 'A', 3, 3, '0', '0', '111', '0', '0', '0', '95.6896551724138', '0', '0', '0'),
(138, 'notas remicion', 'grandes', 24, 1, 'A', 3, 3, '0', '0', '10', '0', '0', '0', '8.62068965517241', '0', '0', '0'),
(139, 'notas remicion', 'chicas', 24, 1, 'A', 3, 3, '0', '0', '5', '0', '0', '0', '4.31034482758621', '0', '0', '0'),
(140, 'blok de notas', 'blncas', 24, 1, 'A', 3, 3, '0', '0', '5', '0', '0', '0', '4.31034482758621', '0', '0', '0'),
(141, 'pagares', 'pagares', 25, 1, 'A', 3, 3, '0', '0', '36', '0', '0', '0', '31.0344827586207', '0', '0', '0'),
(142, 'pegamento scotch', 'de barra', 26, 1, 'A', 3, 3, '0', '0', '10', '0', '0', '0', '8.62068965517241', '0', '0', '0'),
(143, 'pegamento bully', 'chico de barra', 26, 1, 'A', 3, 3, '0', '0', '10', '0', '0', '0', '8.62068965517241', '0', '0', '0'),
(144, 'pegamento bully', 'grande de barra', 26, 1, 'A', 3, 3, '0', '0', '14', '0', '0', '0', '12.0689655172414', '0', '0', '0'),
(145, 'pegamento resitol', 'de barra', 26, 1, 'A', 3, 3, '0', '0', '14', '0', '0', '0', '12.0689655172414', '0', '0', '0'),
(146, 'pegamento prit', 'chico de barra', 26, 1, 'A', 3, 3, '0', '0', '15', '0', '0', '0', '12.9310344827586', '0', '0', '0'),
(147, 'pegamento prit', 'grande de barra', 26, 1, 'A', 3, 3, '0', '0', '34', '0', '0', '0', '29.3103448275862', '0', '0', '0'),
(148, 'pegamento blanco vin', 'liquido 20g', 26, 1, 'A', 3, 3, '0', '0', '3', '0', '0', '0', '2.58620689655172', '0', '0', '0'),
(149, 'pegamento blanco vin', 'liquido 250g', 26, 1, 'A', 3, 3, '0', '0', '20', '0', '0', '0', '17.2413793103448', '0', '0', '0'),
(150, 'pegamento blanco', 'liquido uhu 90g', 26, 1, 'A', 3, 3, '0', '0', '25', '0', '0', '0', '21.551724137931', '0', '0', '0'),
(151, 'pegamento blanco bul', 'liquido 35g', 26, 1, 'A', 3, 3, '0', '0', '10', '0', '0', '0', '8.62068965517241', '0', '0', '0'),
(152, 'pegamneto blanco bul', 'liquido 55g', 26, 1, 'A', 3, 3, '0', '0', '11', '0', '0', '0', '9.48275862068966', '0', '0', '0'),
(153, 'pegamneto blanco bul', 'liquido 110g', 26, 1, 'A', 3, 3, '0', '0', '14', '0', '0', '0', '12.0689655172414', '0', '0', '0'),
(154, 'pegamneto blanco bul', 'liquido 225g', 26, 1, 'A', 3, 3, '0', '0', '32', '0', '0', '0', '27.5862068965517', '0', '0', '0'),
(155, 'pegamneto blanco res', 'liquido 55g', 26, 1, 'A', 3, 3, '0', '0', '18', '0', '0', '0', '15.5172413793103', '0', '0', '0'),
(156, 'pegamneto blanco res', 'liqudo 225g', 26, 1, 'A', 3, 3, '0', '0', '48', '0', '0', '0', '41.3793103448276', '0', '0', '0'),
(157, 'brocha', 'chica', 27, 1, 'A', 3, 3, '0', '0', '15', '0', '0', '0', '12.9310344827586', '0', '0', '0'),
(158, 'brocha', 'grandes', 27, 1, 'A', 3, 3, '0', '0', '20', '0', '0', '0', '17.2413793103448', '0', '0', '0'),
(159, 'pinceles', 'v/colores', 27, 1, 'A', 3, 3, '0', '0', '4', '0', '0', '0', '3.44827586206897', '0', '0', '0'),
(160, 'sombra café 384', 'pintura politec', 28, 1, 'A', 3, 3, '0', '0', '8', '0', '0', '0', '6.89655172413793', '0', '0', '0'),
(161, 'limon hanza 307', 'pintura politec', 28, 1, 'A', 3, 3, '0', '0', '8', '0', '0', '0', '6.89655172413793', '0', '0', '0'),
(162, 'azul pastel 316', 'pintura politec', 28, 1, 'A', 3, 3, '0', '0', '8', '0', '0', '0', '6.89655172413793', '0', '0', '0'),
(163, 'negro intenso 382', 'pintura politec', 28, 1, 'A', 3, 3, '0', '0', '8', '0', '0', '0', '6.89655172413793', '0', '0', '0'),
(164, 'turqueza 324', 'pintura politec', 28, 1, 'A', 3, 3, '0', '0', '8', '0', '0', '0', '6.89655172413793', '0', '0', '0'),
(165, 'verde ciaro 312', 'pintura politec', 28, 1, 'A', 3, 3, '0', '0', '8', '0', '0', '0', '6.89655172413793', '0', '0', '0'),
(166, 'verde olivo 330', 'pintura politec', 28, 1, 'A', 3, 3, '0', '0', '8', '0', '0', '0', '6.89655172413793', '0', '0', '0'),
(167, 'crema 320', 'pintura politec', 28, 1, 'A', 3, 3, '0', '0', '8', '0', '0', '0', '6.89655172413793', '0', '0', '0'),
(168, 'amarillo pastel 129', 'pintura politec', 28, 1, 'A', 3, 3, '0', '0', '8', '0', '0', '0', '6.89655172413793', '0', '0', '0'),
(169, 'azul ultramar 315', 'pintura politec', 28, 1, 'A', 3, 3, '0', '0', '8', '0', '0', '0', '6.89655172413793', '0', '0', '0'),
(170, 'rosa mexicano 337', 'pintura politec', 28, 1, 'A', 3, 3, '0', '0', '8', '0', '0', '0', '6.89655172413793', '0', '0', '0'),
(171, 'rosa pastel 326', 'pintura politec', 28, 1, 'A', 3, 3, '0', '0', '8', '0', '0', '0', '6.89655172413793', '0', '0', '0'),
(172, 'violeta cialo 311', 'pintura politec', 28, 1, 'A', 3, 3, '0', '0', '8', '0', '0', '0', '6.89655172413793', '0', '0', '0'),
(173, 'morado 334', 'pintura politec', 28, 1, 'A', 3, 3, '0', '0', '8', '0', '0', '0', '6.89655172413793', '0', '0', '0'),
(174, 'rojo oxido 305', 'pintura politec', 28, 1, 'A', 3, 3, '0', '0', '8', '0', '0', '0', '6.89655172413793', '0', '0', '0'),
(175, 'rojo toluipina 309', 'pintura politec', 28, 1, 'A', 3, 3, '0', '0', '8', '0', '0', '0', '6.89655172413793', '0', '0', '0'),
(176, 'gris 317', 'pintura politec', 28, 1, 'A', 3, 3, '0', '0', '8', '0', '0', '0', '6.89655172413793', '0', '0', '0'),
(177, 'plata 701', 'pintura politec', 28, 1, 'A', 3, 3, '0', '0', '10', '0', '0', '0', '8.62068965517241', '0', '0', '0'),
(178, 'caton 703', 'pintura politec', 28, 1, 'A', 3, 3, '0', '0', '10', '0', '0', '0', '8.62068965517241', '0', '0', '0'),
(179, 'oro 700', 'pintura politec', 28, 1, 'A', 3, 3, '0', '0', '10', '0', '0', '0', '8.62068965517241', '0', '0', '0'),
(180, 'rosa 321', 'pintura politec', 28, 1, 'A', 3, 3, '0', '0', '8', '0', '0', '0', '6.89655172413793', '0', '0', '0'),
(181, 'negro bujia 73', 'pintura vinci', 28, 1, 'A', 3, 3, '0', '0', '8', '0', '0', '0', '6.89655172413793', '0', '0', '0'),
(182, 'blanco p/letreros 72', 'pintura vinci', 28, 1, 'A', 3, 3, '0', '0', '8', '0', '0', '0', '6.89655172413793', '0', '0', '0'),
(183, 'café 57a', 'pintura vinci', 28, 1, 'A', 3, 3, '0', '0', '8', '0', '0', '0', '6.89655172413793', '0', '0', '0'),
(184, 'azul ultramar 66', 'pintura vinci', 28, 1, 'A', 3, 3, '0', '0', '8', '0', '0', '0', '6.89655172413793', '0', '0', '0'),
(185, 'rosa mexicano 59', 'pintura vinci', 28, 1, 'A', 3, 3, '0', '0', '8', '0', '0', '0', '6.89655172413793', '0', '0', '0'),
(186, 'amarillo medio 51', 'pintura vinci', 28, 1, 'A', 3, 3, '0', '0', '8', '0', '0', '0', '6.89655172413793', '0', '0', '0'),
(187, 'politec 1/4', 'v/colores', 28, 1, 'A', 3, 3, '0', '0', '44', '0', '0', '0', '37.9310344827586', '0', '0', '0'),
(188, 'pinza acme', '41mm', 29, 1, 'A', 3, 3, '0', '0', '3', '0', '0', '0', '2.58620689655172', '0', '0', '0'),
(189, 'pinza acme', '51mm', 29, 1, 'A', 3, 3, '0', '0', '6', '0', '0', '0', '5.17241379310345', '0', '0', '0'),
(190, 'pinza acme', '19mm', 29, 1, 'A', 3, 3, '0', '0', '1', '0', '0', '0', '0.862068965517241', '0', '0', '0'),
(191, 'plastilina playdoh', 'v/colores', 30, 1, 'A', 3, 3, '0', '0', '23', '0', '0', '0', '19.8275862068966', '0', '0', '0'),
(192, 'plastilina vinci', '10pz', 30, 1, 'A', 3, 3, '0', '0', '12', '0', '0', '0', '10.3448275862069', '0', '0', '0'),
(193, 'plastilina barra', 'v/colores', 30, 1, 'A', 3, 3, '0', '0', '8', '0', '0', '0', '6.89655172413793', '0', '0', '0'),
(194, 'plumon sharpie', 'aceite cd', 31, 1, 'A', 3, 3, '0', '0', '16', '0', '0', '0', '13.7931034482759', '0', '0', '0'),
(195, 'plumon mega', 'plumon aceite grueso', 31, 1, 'A', 3, 3, '0', '0', '24', '0', '0', '0', '20.6896551724138', '0', '0', '0'),
(196, 'plumon perma crom', 'plumon aceite', 31, 1, 'A', 3, 3, '0', '0', '15', '0', '0', '0', '12.9310344827586', '0', '0', '0'),
(197, 'plumon aceite extrem', 'plumon aceite v/colores', 31, 1, 'A', 3, 3, '0', '0', '17', '0', '0', '0', '14.6551724137931', '0', '0', '0'),
(198, 'plumon', 'plumon cd bic', 31, 1, 'A', 3, 3, '0', '0', '15', '0', '0', '0', '12.9310344827586', '0', '0', '0'),
(199, 'plumon dos puntas', 'dos puntas', 31, 1, 'A', 3, 3, '0', '0', '20', '0', '0', '0', '17.2413793103448', '0', '0', '0'),
(200, 'plumon sharpie', 'rojo', 31, 1, 'A', 3, 3, '0', '0', '18', '0', '0', '0', '15.5172413793103', '0', '0', '0'),
(201, 'plumon aceite', 'signal', 31, 1, 'A', 3, 3, '0', '0', '12', '0', '0', '0', '10.3448275862069', '0', '0', '0'),
(202, 'plumon aceite grueso', 'staedtler', 31, 1, 'A', 3, 3, '0', '0', '15', '0', '0', '0', '12.9310344827586', '0', '0', '0'),
(203, 'plumon 2 puntas', 'plumon sharpie dos puntas negro', 31, 1, 'A', 3, 3, '0', '0', '18', '0', '0', '0', '15.5172413793103', '0', '0', '0'),
(204, 'plumon dos puntas az', 'plumon permanent', 31, 1, 'A', 3, 3, '0', '0', '10', '0', '0', '0', '8.62068965517241', '0', '0', '0'),
(205, 'plumones v/color 2 p', 'signal', 31, 1, 'A', 3, 3, '0', '0', '16', '0', '0', '0', '13.7931034482759', '0', '0', '0'),
(206, 'plumones stercbrook', 'aceite v/colors', 31, 1, 'A', 3, 3, '0', '0', '25', '0', '0', '0', '21.551724137931', '0', '0', '0'),
(207, 'marcatextos', 'faver castell v/colors', 31, 1, 'A', 3, 3, '0', '0', '16', '0', '0', '0', '13.7931034482759', '0', '0', '0'),
(208, 'marcatextos', 'vicion junios v/colores', 31, 1, 'A', 3, 3, '0', '0', '10', '0', '0', '0', '8.62068965517241', '0', '0', '0'),
(209, 'marcatextos', 'vicio plus amarillos', 31, 1, 'A', 3, 3, '0', '0', '17', '0', '0', '0', '14.6551724137931', '0', '0', '0'),
(210, 'plumon agua crayola', 'v/colores', 31, 1, 'A', 3, 3, '0', '0', '10', '0', '0', '0', '8.62068965517241', '0', '0', '0'),
(211, 'plumon pizarron magi', 'v/colores', 31, 1, 'A', 3, 3, '0', '0', '18', '0', '0', '0', '15.5172413793103', '0', '0', '0'),
(212, 'plumon pizarron aqua', 'v/colores', 31, 1, 'A', 3, 3, '0', '0', '10', '0', '0', '0', '8.62068965517241', '0', '0', '0'),
(213, 'plumon acuacolor ber', 'v/colores', 31, 1, 'A', 3, 3, '0', '0', '12', '0', '0', '0', '10.3448275862069', '0', '0', '0'),
(214, 'plumon de agua pelik', 'v/colores', 31, 1, 'A', 3, 3, '0', '0', '10', '0', '0', '0', '8.62068965517241', '0', '0', '0'),
(215, 'plumon de agua scent', 'v/colores', 31, 1, 'A', 3, 3, '0', '0', '12', '0', '0', '0', '10.3448275862069', '0', '0', '0'),
(216, 'plumon para billites', 'para billetes', 31, 1, 'A', 3, 3, '0', '0', '22', '0', '0', '0', '18.9655172413793', '0', '0', '0'),
(217, 'plumon marca todo', 'de agua', 31, 1, 'A', 3, 3, '0', '0', '15', '0', '0', '0', '12.9310344827586', '0', '0', '0'),
(218, 'plumon marca todo', 'de aceite', 31, 1, 'A', 3, 3, '0', '0', '20', '0', '0', '0', '17.2413793103448', '0', '0', '0'),
(219, 'plumones bic', 'paquete', 31, 1, 'A', 3, 3, '0', '0', '25', '0', '0', '0', '21.551724137931', '0', '0', '0'),
(220, 'plumones vince', 'paquete', 31, 1, 'A', 3, 3, '0', '0', '30', '0', '0', '0', '25.8620689655172', '0', '0', '0'),
(221, 'recibos de dinero', 'recibos de dinero', 32, 1, 'A', 3, 3, '0', '0', '16', '0', '0', '0', '13.7931034482759', '0', '0', '0'),
(222, 'recibo dinero', 'recibo dinero', 32, 1, 'A', 3, 3, '0', '0', '13', '0', '0', '0', '11.2068965517241', '0', '0', '0'),
(223, 'sacapuntas tortuga', 'tortuga colores', 33, 1, 'A', 3, 3, '0', '0', '20', '0', '0', '0', '17.2413793103448', '0', '0', '0'),
(224, 'sacapuntas basurero', 'mapet colores', 33, 1, 'A', 3, 3, '0', '0', '12', '0', '0', '0', '10.3448275862069', '0', '0', '0'),
(225, 'sacapuntas sensillo', 'figuras sensillas', 33, 1, 'A', 3, 3, '0', '0', '3', '0', '0', '0', '2.58620689655172', '0', '0', '0'),
(226, 'sacapuntas grande du', 'sacapuntas dos oyos', 33, 1, 'A', 3, 3, '0', '0', '5', '0', '0', '0', '4.31034482758621', '0', '0', '0'),
(227, 'sacapuntas chico duo', 'sacapuntas chico duo', 33, 1, 'A', 3, 3, '0', '0', '6', '0', '0', '0', '5.17241379310345', '0', '0', '0'),
(228, 'sacapuntas sensillo ', 'sensillo', 33, 1, 'A', 3, 3, '0', '0', '2', '0', '0', '0', '1.72413793103448', '0', '0', '0'),
(229, 'silbatos', 'v/colores', 34, 1, 'A', 3, 3, '0', '0', '1', '0', '0', '0', '0.862068965517241', '0', '0', '0'),
(230, 'silicon barra', 'barras', 34, 1, 'A', 3, 3, '0', '0', '2', '0', '0', '0', '1.72413793103448', '0', '0', '0'),
(231, 'silicon solidex 30ml', 'silicon frio', 35, 1, 'A', 3, 3, '0', '0', '14', '0', '0', '0', '12.0689655172414', '0', '0', '0'),
(232, 'tabla periodica', 'secundaria', 36, 1, 'A', 3, 3, '0', '0', '10', '0', '0', '0', '8.62068965517241', '0', '0', '0'),
(233, 'tabla periodica', 'bachillerato', 36, 1, 'A', 3, 3, '0', '0', '10', '0', '0', '0', '8.62068965517241', '0', '0', '0'),
(234, 'tarjeta de trabajo', '5" x 8"', 37, 1, 'A', 3, 3, '0', '0', '30', '0', '0', '0', '25.8620689655172', '0', '0', '0'),
(235, 'tarjeta bibliografic', '3" x 5"', 37, 1, 'A', 3, 3, '0', '0', '15', '0', '0', '0', '12.9310344827586', '0', '0', '0'),
(236, 'tarjeta bristol', '4" x 6"', 37, 1, 'A', 3, 3, '0', '0', '30', '0', '0', '0', '25.8620689655172', '0', '0', '0'),
(237, 'tarjeta opalina', 'trajeta de presentacion', 37, 1, 'A', 3, 3, '0', '0', '1', '0', '0', '0', '0.862068965517241', '0', '0', '0'),
(238, 'barrilito', 'punta roma', 38, 1, 'A', 3, 3, '0', '0', '16', '0', '0', '0', '13.7931034482759', '0', '0', '0'),
(239, 'barrilito', 'metalica', 38, 1, 'A', 3, 3, '0', '0', '98', '0', '0', '0', '84.4827586206897', '0', '0', '0'),
(240, 'Rihan', 'punta roma eco.', 38, 1, 'A', 3, 3, '0', '0', '10', '0', '0', '0', '8.62068965517241', '0', '0', '0'),
(241, 'tinta azor rolaplica', 'v/colores', 39, 1, 'A', 3, 3, '0', '0', '30', '0', '0', '0', '25.8620689655172', '0', '0', '0'),
(242, 'uhu 8ml', 'uhu', 40, 1, 'A', 3, 3, '0', '0', '18', '0', '0', '0', '15.5172413793103', '0', '0', '0'),
(243, 'uhu 20ml', 'uhu', 40, 1, 'A', 3, 3, '0', '0', '34', '0', '0', '0', '29.3103448275862', '0', '0', '0');

-- --------------------------------------------------------

--
-- Estructura de tabla para la tabla `cajero`
--

DROP TABLE IF EXISTS `cajero`;
CREATE TABLE IF NOT EXISTS `cajero` (
  `usuario_idUsuario3` int(11) NOT NULL,
  `deposito_idDeposito3` int(11) NOT NULL
) ENGINE=InnoDB DEFAULT CHARSET=latin1;

--
-- Volcado de datos para la tabla `cajero`
--

INSERT INTO `cajero` (`usuario_idUsuario3`, `deposito_idDeposito3`) VALUES
(1, 1);

-- --------------------------------------------------------

--
-- Estructura de tabla para la tabla `cliente`
--

DROP TABLE IF EXISTS `cliente`;
CREATE TABLE IF NOT EXISTS `cliente` (
  `idCliente` int(11) NOT NULL,
  `doc` varchar(20) NOT NULL,
  `cupo` varchar(20) NOT NULL,
  `puntos` varchar(20) NOT NULL,
  `persona_idPersona2` int(11) DEFAULT NULL
) ENGINE=InnoDB DEFAULT CHARSET=latin1;

--
-- Volcado de datos para la tabla `cliente`
--

INSERT INTO `cliente` (`idCliente`, `doc`, `cupo`, `puntos`, `persona_idPersona2`) VALUES
(0, '001', '0', '', 1);

-- --------------------------------------------------------

--
-- Estructura de tabla para la tabla `departamento`
--

DROP TABLE IF EXISTS `departamento`;
CREATE TABLE IF NOT EXISTS `departamento` (
`idDepartamento` int(11) NOT NULL,
  `nombreDepartamento` varchar(30) NOT NULL,
  `estado` varchar(15) NOT NULL,
  `empresa_idEmpresa1` int(11) NOT NULL
) ENGINE=InnoDB AUTO_INCREMENT=41 DEFAULT CHARSET=latin1;

--
-- Volcado de datos para la tabla `departamento`
--

INSERT INTO `departamento` (`idDepartamento`, `nombreDepartamento`, `estado`, `empresa_idEmpresa1`) VALUES
(1, 'Impresiones', 's', 1),
(2, 'abacos', 's', 1),
(3, 'acuarelas', 's', 1),
(4, 'borradores', 's', 1),
(5, 'brillantina', 's', 1),
(6, 'canicas', 's', 1),
(7, 'cheques', 's', 1),
(8, 'clip', 's', 1),
(9, 'colores', 's', 1),
(10, 'compas', 's', 1),
(11, 'crayolas', 's', 1),
(12, 'cuter', 's', 1),
(13, 'disco', 's', 1),
(14, 'diurex', 's', 1),
(15, 'gafete', 's', 1),
(16, 'gises', 's', 1),
(17, 'juego geometria', 's', 1),
(18, 'Grapas', 's', 1),
(19, 'lapiceros', 's', 1),
(20, 'lapices', 's', 1),
(21, 'ligas', 's', 1),
(22, 'lupas', 's', 1),
(23, 'micas termicas', 's', 1),
(24, 'notas', 's', 1),
(25, 'pagares', 's', 1),
(26, 'pegamento', 's', 1),
(27, 'pinceles', 's', 1),
(28, 'pinturas liquidas', 's', 1),
(29, 'pinza', 's', 1),
(30, 'plastilinas', 's', 1),
(31, 'plumones', 's', 1),
(32, 'recibos', 's', 1),
(33, 'sacapuntas', 's', 1),
(34, 'silbatos', 's', 1),
(35, 'silicon', 's', 1),
(36, 'tabala periodica', 's', 1),
(37, 'tarjetas', 's', 1),
(38, 'tijeras', 's', 1),
(39, 'tinta para sellos', 's', 1),
(40, 'uhu', 's', 1);

-- --------------------------------------------------------

--
-- Estructura de tabla para la tabla `detalle`
--

DROP TABLE IF EXISTS `detalle`;
CREATE TABLE IF NOT EXISTS `detalle` (
`id` int(11) NOT NULL,
  `articulo_codigo1` int(11) NOT NULL,
  `ref` varchar(45) NOT NULL,
  `cant` int(11) NOT NULL,
  `usuario_idUsuario1` int(11) NOT NULL
) ENGINE=InnoDB AUTO_INCREMENT=3 DEFAULT CHARSET=latin1;

--
-- Volcado de datos para la tabla `detalle`
--

INSERT INTO `detalle` (`id`, `articulo_codigo1`, `ref`, `cant`, `usuario_idUsuario1`) VALUES
(1, 17, '', 1, 1),
(2, 11, '', 1, 1);

-- --------------------------------------------------------

--
-- Estructura de tabla para la tabla `detalleprov`
--

DROP TABLE IF EXISTS `detalleprov`;
CREATE TABLE IF NOT EXISTS `detalleprov` (
`idDetalleProveedor` int(11) NOT NULL,
  `producto_codigo` int(11) NOT NULL,
  `proveedor_id` int(11) NOT NULL
) ENGINE=InnoDB AUTO_INCREMENT=243 DEFAULT CHARSET=latin1;

--
-- Volcado de datos para la tabla `detalleprov`
--

INSERT INTO `detalleprov` (`idDetalleProveedor`, `producto_codigo`, `proveedor_id`) VALUES
(1, 1, 1),
(2, 2, 1),
(3, 3, 1),
(4, 4, 1),
(5, 5, 1),
(6, 6, 1),
(7, 7, 1),
(8, 8, 1),
(9, 9, 1),
(10, 10, 1),
(11, 11, 1),
(12, 12, 1),
(13, 13, 1),
(14, 14, 1),
(15, 15, 1),
(16, 16, 1),
(17, 17, 1),
(18, 18, 1),
(19, 19, 1),
(20, 20, 1),
(21, 21, 1),
(22, 22, 1),
(23, 23, 1),
(24, 24, 1),
(25, 25, 1),
(26, 26, 1),
(27, 27, 1),
(28, 28, 1),
(29, 29, 1),
(30, 30, 1),
(31, 31, 1),
(32, 32, 1),
(33, 33, 1),
(34, 34, 1),
(35, 35, 1),
(36, 36, 1),
(37, 37, 1),
(38, 38, 1),
(39, 39, 1),
(40, 40, 1),
(41, 41, 1),
(42, 42, 1),
(43, 43, 1),
(44, 44, 1),
(45, 45, 1),
(46, 46, 1),
(47, 47, 1),
(48, 48, 1),
(49, 49, 1),
(50, 50, 1),
(51, 51, 1),
(52, 52, 1),
(53, 53, 1),
(54, 54, 1),
(55, 55, 1),
(56, 56, 1),
(57, 57, 1),
(58, 58, 1),
(59, 59, 1),
(60, 60, 1),
(61, 61, 1),
(62, 62, 1),
(63, 63, 1),
(64, 64, 1),
(65, 65, 1),
(66, 66, 1),
(67, 67, 1),
(68, 68, 1),
(69, 69, 1),
(70, 70, 1),
(71, 71, 1),
(72, 72, 1),
(73, 73, 1),
(74, 74, 1),
(75, 75, 1),
(76, 76, 1),
(77, 77, 1),
(78, 78, 1),
(79, 79, 1),
(80, 80, 1),
(81, 81, 1),
(82, 82, 1),
(83, 83, 1),
(84, 84, 1),
(85, 85, 1),
(86, 86, 1),
(87, 87, 1),
(88, 88, 1),
(89, 89, 1),
(90, 90, 1),
(91, 91, 1),
(92, 92, 1),
(93, 93, 1),
(94, 94, 1),
(95, 95, 1),
(96, 96, 1),
(97, 97, 1),
(98, 98, 1),
(99, 99, 1),
(100, 100, 1),
(101, 101, 1),
(102, 102, 1),
(103, 103, 1),
(104, 104, 1),
(105, 105, 1),
(106, 106, 1),
(107, 107, 1),
(108, 108, 1),
(109, 109, 1),
(110, 110, 1),
(111, 111, 1),
(112, 112, 1),
(113, 113, 1),
(114, 114, 1),
(115, 115, 1),
(116, 116, 1),
(117, 117, 1),
(118, 118, 1),
(119, 119, 1),
(120, 120, 1),
(121, 121, 1),
(122, 122, 1),
(123, 123, 1),
(124, 124, 1),
(125, 125, 1),
(126, 126, 1),
(127, 127, 1),
(128, 128, 1),
(129, 129, 1),
(130, 130, 1),
(131, 131, 1),
(132, 132, 1),
(133, 133, 1),
(134, 134, 1),
(135, 135, 1),
(136, 136, 1),
(137, 137, 1),
(138, 138, 1),
(139, 139, 1),
(140, 140, 1),
(141, 141, 1),
(142, 142, 1),
(143, 143, 1),
(144, 144, 1),
(145, 145, 1),
(146, 146, 1),
(147, 147, 1),
(148, 148, 1),
(149, 149, 1),
(150, 150, 1),
(151, 151, 1),
(152, 152, 1),
(153, 153, 1),
(154, 154, 1),
(155, 155, 1),
(156, 156, 1),
(157, 157, 1),
(158, 158, 1),
(159, 159, 1),
(160, 160, 1),
(161, 161, 1),
(162, 162, 1),
(163, 163, 1),
(164, 164, 1),
(165, 165, 1),
(166, 166, 1),
(167, 167, 1),
(168, 168, 1),
(169, 169, 1),
(170, 170, 1),
(171, 171, 1),
(172, 172, 1),
(173, 173, 1),
(174, 174, 1),
(175, 175, 1),
(176, 176, 1),
(177, 177, 1),
(178, 178, 1),
(179, 179, 1),
(180, 180, 1),
(181, 181, 1),
(182, 182, 1),
(183, 183, 1),
(184, 184, 1),
(185, 185, 1),
(186, 186, 1),
(187, 187, 1),
(188, 188, 1),
(189, 189, 1),
(190, 190, 1),
(191, 191, 1),
(192, 192, 1),
(193, 193, 1),
(194, 194, 1),
(195, 195, 1),
(196, 196, 1),
(197, 197, 1),
(198, 198, 1),
(199, 199, 1),
(200, 200, 1),
(201, 201, 1),
(202, 202, 1),
(203, 203, 1),
(204, 204, 1),
(205, 205, 1),
(206, 206, 1),
(207, 207, 1),
(208, 208, 1),
(209, 209, 1),
(210, 210, 1),
(211, 211, 1),
(212, 212, 1),
(213, 213, 1),
(214, 214, 1),
(215, 215, 1),
(216, 216, 1),
(217, 217, 1),
(218, 218, 1),
(219, 219, 1),
(220, 220, 1),
(221, 221, 1),
(222, 222, 1),
(223, 223, 1),
(224, 224, 1),
(225, 225, 1),
(226, 226, 1),
(227, 227, 1),
(228, 228, 1),
(229, 229, 1),
(230, 230, 1),
(231, 231, 1),
(232, 232, 1),
(233, 233, 1),
(234, 234, 1),
(235, 235, 1),
(236, 236, 1),
(237, 237, 1),
(238, 238, 1),
(239, 239, 1),
(240, 240, 1),
(241, 241, 1),
(242, 242, 1);

-- --------------------------------------------------------

--
-- Estructura de tabla para la tabla `empleado`
--

DROP TABLE IF EXISTS `empleado`;
CREATE TABLE IF NOT EXISTS `empleado` (
`idUsuario` int(11) NOT NULL,
  `usu` varchar(20) COLLATE utf8_swedish_ci NOT NULL,
  `con` varchar(10) COLLATE utf8_swedish_ci NOT NULL,
  `correo` varchar(20) COLLATE utf8_swedish_ci NOT NULL,
  `fecha` date NOT NULL,
  `tipo` enum('c','a') COLLATE utf8_swedish_ci NOT NULL,
  `persona_idPersona` int(11) DEFAULT NULL
) ENGINE=InnoDB AUTO_INCREMENT=3 DEFAULT CHARSET=utf8 COLLATE=utf8_swedish_ci;

--
-- Volcado de datos para la tabla `empleado`
--

INSERT INTO `empleado` (`idUsuario`, `usu`, `con`, `correo`, `fecha`, `tipo`, `persona_idPersona`) VALUES
(1, 'admin', '12345', 'iris@gmail.com', '2014-11-05', 'a', 1),
(2, '001', '001', 'evi_skorpion@hotmail', '2015-05-01', 'c', 2);

-- --------------------------------------------------------

--
-- Estructura de tabla para la tabla `empresa`
--

DROP TABLE IF EXISTS `empresa`;
CREATE TABLE IF NOT EXISTS `empresa` (
`idEmpresa` int(11) NOT NULL,
  `empresa` varchar(255) COLLATE utf8_spanish_ci NOT NULL,
  `nit` varchar(255) COLLATE utf8_spanish_ci NOT NULL,
  `direccion` varchar(255) COLLATE utf8_spanish_ci NOT NULL,
  `pais` varchar(255) COLLATE utf8_spanish_ci NOT NULL,
  `ciudad` varchar(255) COLLATE utf8_spanish_ci NOT NULL,
  `tel` varchar(255) COLLATE utf8_spanish_ci NOT NULL,
  `fax` varchar(255) COLLATE utf8_spanish_ci NOT NULL,
  `web` varchar(255) COLLATE utf8_spanish_ci NOT NULL,
  `correo` varchar(255) COLLATE utf8_spanish_ci NOT NULL,
  `fecha` date NOT NULL,
  `moneda` varchar(22) COLLATE utf8_spanish_ci NOT NULL,
  `anno` varchar(255) COLLATE utf8_spanish_ci NOT NULL
) ENGINE=InnoDB AUTO_INCREMENT=2 DEFAULT CHARSET=utf8 COLLATE=utf8_spanish_ci;

--
-- Volcado de datos para la tabla `empresa`
--

INSERT INTO `empresa` (`idEmpresa`, `empresa`, `nit`, `direccion`, `pais`, `ciudad`, `tel`, `fax`, `web`, `correo`, `fecha`, `moneda`, `anno`) VALUES
(1, 'Papeleria Encanto', 'XAXX010101000', 'Av. Encanto #71 Col. El mirador CP ', 'México', 'Xalapa', '2225655', '91170', 'www.papeleria-encanto.com', 'encanto@gmail.com', '2015-05-13', 'Pesos', '');

-- --------------------------------------------------------

--
-- Estructura de tabla para la tabla `factura`
--

DROP TABLE IF EXISTS `factura`;
CREATE TABLE IF NOT EXISTS `factura` (
`id` int(11) NOT NULL,
  `factura` varchar(255) NOT NULL,
  `valor` varchar(255) NOT NULL,
  `fecha` date NOT NULL,
  `estado` varchar(255) NOT NULL,
  `idUsuario` int(11) NOT NULL
) ENGINE=InnoDB AUTO_INCREMENT=3 DEFAULT CHARSET=latin1;

--
-- Volcado de datos para la tabla `factura`
--

INSERT INTO `factura` (`id`, `factura`, `valor`, `fecha`, `estado`, `idUsuario`) VALUES
(1, '100000001', '15', '2015-05-13', 's', 1),
(2, '100000002', '16', '2015-05-14', 's', 1);

-- --------------------------------------------------------

--
-- Estructura de tabla para la tabla `iva`
--

DROP TABLE IF EXISTS `iva`;
CREATE TABLE IF NOT EXISTS `iva` (
`idIva` int(11) NOT NULL,
  `nombreIva` varchar(255) NOT NULL,
  `valor` varchar(255) NOT NULL,
  `estado` varchar(255) NOT NULL
) ENGINE=InnoDB AUTO_INCREMENT=4 DEFAULT CHARSET=latin1;

--
-- Volcado de datos para la tabla `iva`
--

INSERT INTO `iva` (`idIva`, `nombreIva`, `valor`, `estado`) VALUES
(1, 'sin iva 0%', '0', 'n'),
(2, 'IVA 16%', '16', 's'),
(3, 'Tasa 0', '0', 's');

-- --------------------------------------------------------

--
-- Estructura de tabla para la tabla `pedido`
--

DROP TABLE IF EXISTS `pedido`;
CREATE TABLE IF NOT EXISTS `pedido` (
`id` int(11) NOT NULL,
  `deposito_idDeposito` int(11) NOT NULL,
  `articulo_codigo` int(11) NOT NULL,
  `cant` varchar(255) NOT NULL,
  `minima` varchar(255) NOT NULL
) ENGINE=InnoDB AUTO_INCREMENT=244 DEFAULT CHARSET=latin1;

--
-- Volcado de datos para la tabla `pedido`
--

INSERT INTO `pedido` (`id`, `deposito_idDeposito`, `articulo_codigo`, `cant`, `minima`) VALUES
(1, 1, 1, '19', '5'),
(2, 1, 1, '19', '5'),
(3, 1, 2, '1', '5'),
(4, 1, 3, '4', '5'),
(5, 1, 4, '5', '5'),
(6, 1, 5, '19', '5'),
(7, 1, 6, '25', '5'),
(8, 1, 7, '3', '5'),
(9, 1, 8, '4', '5'),
(10, 1, 9, '8', '5'),
(11, 1, 10, '3', '5'),
(12, 1, 11, '3', '5'),
(13, 1, 12, '5', '5'),
(14, 1, 13, '24', '5'),
(15, 1, 14, '39', '5'),
(16, 1, 15, '20', '5'),
(17, 1, 16, '98', '5'),
(18, 1, 17, '22', '5'),
(19, 1, 18, '20', '5'),
(20, 1, 19, '5', '5'),
(21, 1, 20, '4', '5'),
(22, 1, 21, '4', '5'),
(23, 1, 22, '8', '5'),
(24, 1, 23, '3', '5'),
(25, 1, 24, '1', '5'),
(26, 1, 25, '1', '5'),
(27, 1, 26, '4', '5'),
(28, 1, 27, '7', '5'),
(29, 1, 28, '5', '5'),
(30, 1, 29, '6', '5'),
(31, 1, 30, '8', '5'),
(32, 1, 31, '8', '5'),
(33, 1, 32, '6', '5'),
(34, 1, 33, '2', '5'),
(35, 1, 34, '1', '5'),
(36, 1, 35, '3', '5'),
(37, 1, 36, '9', '5'),
(38, 1, 37, '7', '5'),
(39, 1, 38, '1', '5'),
(40, 1, 39, '9', '5'),
(41, 1, 40, '10', '5'),
(42, 1, 41, '14', '5'),
(43, 1, 42, '16', '5'),
(44, 1, 43, '49', '5'),
(45, 1, 44, '18', '5'),
(46, 1, 45, '1', '5'),
(47, 1, 46, '3', '5'),
(48, 1, 47, '3', '5'),
(49, 1, 48, '3', '5'),
(50, 1, 49, '1', '5'),
(51, 1, 50, '3', '5'),
(52, 1, 51, '24', '5'),
(53, 1, 52, '6', '5'),
(54, 1, 53, '6', '5'),
(55, 1, 54, '8', '5'),
(56, 1, 55, '12', '5'),
(57, 1, 56, '2', '5'),
(58, 1, 57, '17', '5'),
(59, 1, 58, '15', '5'),
(60, 1, 59, '28', '5'),
(61, 1, 60, '7', '5'),
(62, 1, 61, '4', '5'),
(63, 1, 62, '1', '5'),
(64, 1, 63, '4', '5'),
(65, 1, 64, '8', '5'),
(66, 1, 65, '1', '5'),
(67, 1, 66, '3', '5'),
(68, 1, 67, '1', '5'),
(69, 1, 68, '23', '5'),
(70, 1, 69, '12', '5'),
(71, 1, 70, '1', '5'),
(72, 1, 71, '9', '5'),
(73, 1, 72, '9', '5'),
(74, 1, 73, '1', '5'),
(75, 1, 74, '3', '5'),
(76, 1, 75, '9', '5'),
(77, 1, 76, '17', '5'),
(78, 1, 77, '7', '5'),
(79, 1, 78, '15', '5'),
(80, 1, 79, '17', '5'),
(81, 1, 80, '9', '5'),
(82, 1, 81, '2', '5'),
(83, 1, 82, '4', '5'),
(84, 1, 83, '4', '5'),
(85, 1, 84, '5', '5'),
(86, 1, 85, '1', '5'),
(87, 1, 86, '8', '5'),
(88, 1, 87, '16', '5'),
(89, 1, 88, '5', '5'),
(90, 1, 89, '1', '5'),
(91, 1, 90, '1', '5'),
(92, 1, 91, '1', '5'),
(93, 1, 92, '1', '5'),
(94, 1, 93, '1', '5'),
(95, 1, 94, '13', '5'),
(96, 1, 95, '16', '5'),
(97, 1, 96, '6', '5'),
(98, 1, 97, '11', '5'),
(99, 1, 98, '15', '5'),
(100, 1, 99, '23', '5'),
(101, 1, 100, '17', '5'),
(102, 1, 101, '20', '5'),
(103, 1, 102, '8', '5'),
(104, 1, 103, '6', '5'),
(105, 1, 104, '12', '5'),
(106, 1, 105, '12', '5'),
(107, 1, 106, '15', '5'),
(108, 1, 107, '12', '5'),
(109, 1, 108, '9', '5'),
(110, 1, 109, '12', '5'),
(111, 1, 110, '12', '5'),
(112, 1, 111, '7', '5'),
(113, 1, 112, '22', '5'),
(114, 1, 113, '5', '5'),
(115, 1, 114, '43', '5'),
(116, 1, 115, '25', '5'),
(117, 1, 116, '16', '5'),
(118, 1, 117, '2', '5'),
(119, 1, 118, '26', '5'),
(120, 1, 119, '18', '5'),
(121, 1, 120, '9', '5'),
(122, 1, 121, '10', '5'),
(123, 1, 122, '4', '5'),
(124, 1, 123, '14', '5'),
(125, 1, 124, '10', '5'),
(126, 1, 125, '10', '5'),
(127, 1, 126, '11', '5'),
(128, 1, 127, '9', '5'),
(129, 1, 128, '4', '5'),
(130, 1, 129, '6', '5'),
(131, 1, 130, '1', '5'),
(132, 1, 131, '2', '5'),
(133, 1, 132, '4', '5'),
(134, 1, 133, '2', '5'),
(135, 1, 134, '124', '5'),
(136, 1, 135, '115', '5'),
(137, 1, 136, '90', '5'),
(138, 1, 137, '17', '5'),
(139, 1, 138, '16', '5'),
(140, 1, 139, '2', '5'),
(141, 1, 140, '8', '5'),
(142, 1, 141, '22', '5'),
(143, 1, 142, '18', '5'),
(144, 1, 143, '10', '5'),
(145, 1, 144, '3', '5'),
(146, 1, 145, '9', '5'),
(147, 1, 146, '12', '5'),
(148, 1, 147, '7', '5'),
(149, 1, 148, '1', '5'),
(150, 1, 149, '1', '5'),
(151, 1, 150, '12', '5'),
(152, 1, 151, '4', '5'),
(153, 1, 152, '1', '5'),
(154, 1, 153, '6', '5'),
(155, 1, 154, '6', '5'),
(156, 1, 155, '2', '5'),
(157, 1, 156, '10', '5'),
(158, 1, 157, '6', '5'),
(159, 1, 158, '150', '5'),
(160, 1, 159, '6', '5'),
(161, 1, 160, '6', '5'),
(162, 1, 161, '6', '5'),
(163, 1, 162, '12', '5'),
(164, 1, 163, '2', '5'),
(165, 1, 164, '6', '5'),
(166, 1, 165, '6', '5'),
(167, 1, 166, '4', '5'),
(168, 1, 167, '6', '5'),
(169, 1, 168, '2', '5'),
(170, 1, 169, '5', '5'),
(171, 1, 170, '3', '5'),
(172, 1, 171, '6', '5'),
(173, 1, 172, '8', '5'),
(174, 1, 173, '12', '5'),
(175, 1, 174, '5', '5'),
(176, 1, 175, '5', '5'),
(177, 1, 176, '4', '5'),
(178, 1, 177, '4', '5'),
(179, 1, 178, '11', '5'),
(180, 1, 179, '1', '5'),
(181, 1, 180, '3', '5'),
(182, 1, 181, '5', '5'),
(183, 1, 182, '4', '5'),
(184, 1, 183, '4', '5'),
(185, 1, 184, '2', '5'),
(186, 1, 185, '6', '5'),
(187, 1, 186, '14', '5'),
(188, 1, 187, '13', '5'),
(189, 1, 188, '22', '5'),
(190, 1, 189, '9', '5'),
(191, 1, 190, '7', '5'),
(192, 1, 191, '8', '5'),
(193, 1, 192, '89', '5'),
(194, 1, 193, '20', '5'),
(195, 1, 194, '7', '5'),
(196, 1, 195, '5', '5'),
(197, 1, 196, '26', '5'),
(198, 1, 197, '12', '5'),
(199, 1, 198, '3', '5'),
(200, 1, 199, '12', '5'),
(201, 1, 200, '10', '5'),
(202, 1, 201, '6', '5'),
(203, 1, 202, '7', '5'),
(204, 1, 203, '12', '5'),
(205, 1, 204, '3', '5'),
(206, 1, 205, '16', '5'),
(207, 1, 206, '15', '5'),
(208, 1, 207, '27', '5'),
(209, 1, 208, '3', '5'),
(210, 1, 209, '5', '5'),
(211, 1, 210, '34', '5'),
(212, 1, 211, '18', '5'),
(213, 1, 212, '21', '5'),
(214, 1, 213, '18', '5'),
(215, 1, 214, '10', '5'),
(216, 1, 215, '20', '5'),
(217, 1, 216, '3', '5'),
(218, 1, 217, '10', '5'),
(219, 1, 218, '7', '5'),
(220, 1, 219, '2', '5'),
(221, 1, 220, '5', '5'),
(222, 1, 221, '1', '5'),
(223, 1, 222, '8', '5'),
(224, 1, 223, '29', '5'),
(225, 1, 224, '34', '5'),
(226, 1, 225, '9', '5'),
(227, 1, 226, '11', '5'),
(228, 1, 227, '8', '5'),
(229, 1, 228, '16', '5'),
(230, 1, 229, '28', '5'),
(231, 1, 230, '7', '5'),
(232, 1, 231, '17', '5'),
(233, 1, 232, '9', '5'),
(234, 1, 233, '6', '5'),
(235, 1, 234, '8', '5'),
(236, 1, 235, '10', '5'),
(237, 1, 236, '185', '5'),
(238, 1, 237, '11', '5'),
(239, 1, 238, '2', '5'),
(240, 1, 239, '8', '5'),
(241, 1, 240, '6', '5'),
(242, 1, 241, '4', '5'),
(243, 1, 242, '6', '5');

-- --------------------------------------------------------

--
-- Estructura de tabla para la tabla `persona`
--

DROP TABLE IF EXISTS `persona`;
CREATE TABLE IF NOT EXISTS `persona` (
`idPersona` int(11) NOT NULL,
  `doc` varchar(30) COLLATE utf8_swedish_ci NOT NULL,
  `nom` varchar(25) COLLATE utf8_swedish_ci NOT NULL,
  `ape` varchar(40) COLLATE utf8_swedish_ci NOT NULL,
  `fecha` date NOT NULL,
  `tel` varchar(15) COLLATE utf8_swedish_ci NOT NULL,
  `cel` varchar(15) COLLATE utf8_swedish_ci NOT NULL,
  `sexo` varchar(10) COLLATE utf8_swedish_ci NOT NULL,
  `dir` varchar(40) COLLATE utf8_swedish_ci NOT NULL,
  `nota` varchar(50) COLLATE utf8_swedish_ci NOT NULL,
  `fechar` date NOT NULL,
  `estado` varchar(20) COLLATE utf8_swedish_ci NOT NULL,
  `empresa_idEmpresa` int(11) NOT NULL
) ENGINE=InnoDB AUTO_INCREMENT=3 DEFAULT CHARSET=utf8 COLLATE=utf8_swedish_ci;

--
-- Volcado de datos para la tabla `persona`
--

INSERT INTO `persona` (`idPersona`, `doc`, `nom`, `ape`, `fecha`, `tel`, `cel`, `sexo`, `dir`, `nota`, `fechar`, `estado`, `empresa_idEmpresa`) VALUES
(1, 'admin', 'Elida', 'Torres Palacios', '2014-11-05', '2281813637', '823610444', 'f', 'Av. Encanto #  71', 'mmmm', '2014-11-02', 's', 1),
(2, '001', 'Público General', '     ', '2015-05-01', '', '', 'm', '    ', '', '2015-05-13', 's', 1);

-- --------------------------------------------------------

--
-- Estructura de tabla para la tabla `proveedor`
--

DROP TABLE IF EXISTS `proveedor`;
CREATE TABLE IF NOT EXISTS `proveedor` (
`id` int(11) NOT NULL,
  `nombre` varchar(255) NOT NULL,
  `dir` varchar(255) NOT NULL,
  `tel` varchar(255) NOT NULL,
  `fax` varchar(255) NOT NULL,
  `nota` varchar(255) NOT NULL,
  `contacto` varchar(255) NOT NULL
) ENGINE=InnoDB AUTO_INCREMENT=3 DEFAULT CHARSET=latin1;

--
-- Volcado de datos para la tabla `proveedor`
--

INSERT INTO `proveedor` (`id`, `nombre`, `dir`, `tel`, `fax`, `nota`, `contacto`) VALUES
(1, 'Proveedor Generico', 'Diana Laura', '45451212788778', 'correo@hotmail.com', 'Viene cada 8 dias', '22885487745'),
(2, 'Impresoras HP', 'Avila Camacho No. 1020', '2255847879', 'correo@hotmail.com', 'HP', '2255847879');

-- --------------------------------------------------------

--
-- Estructura de tabla para la tabla `sucursal`
--

DROP TABLE IF EXISTS `sucursal`;
CREATE TABLE IF NOT EXISTS `sucursal` (
`idDeposito` int(11) NOT NULL,
  `nombre` varchar(255) NOT NULL,
  `dir` varchar(255) NOT NULL,
  `tel` varchar(255) NOT NULL,
  `encargado` varchar(255) NOT NULL,
  `estado` varchar(255) NOT NULL
) ENGINE=InnoDB AUTO_INCREMENT=2 DEFAULT CHARSET=latin1;

--
-- Volcado de datos para la tabla `sucursal`
--

INSERT INTO `sucursal` (`idDeposito`, `nombre`, `dir`, `tel`, `encargado`, `estado`) VALUES
(1, 'Sucursal Encanto', 'Encanto No. 12, Sumidero', '2288462124', 'Francisco', 's');

-- --------------------------------------------------------

--
-- Estructura de tabla para la tabla `unidad`
--

DROP TABLE IF EXISTS `unidad`;
CREATE TABLE IF NOT EXISTS `unidad` (
`idUnidad` int(11) NOT NULL,
  `nombreUnidad` varchar(255) NOT NULL,
  `estado` varchar(255) NOT NULL
) ENGINE=InnoDB AUTO_INCREMENT=2 DEFAULT CHARSET=latin1;

--
-- Volcado de datos para la tabla `unidad`
--

INSERT INTO `unidad` (`idUnidad`, `nombreUnidad`, `estado`) VALUES
(1, 'Pieza', 's');

--
-- Índices para tablas volcadas
--

--
-- Indices de la tabla `articulo`
--
ALTER TABLE `articulo`
 ADD PRIMARY KEY (`codigo`), ADD KEY `unidad_idUnidad_idx` (`unidad_idUnidad`), ADD KEY `iva_ivacompra_idx` (`iva_ivacompra`), ADD KEY `iva_ivaVenta_idx` (`iva_ivaventa`), ADD KEY `departamento_idDepartamento` (`departamento_idDepartamento`);

--
-- Indices de la tabla `cajero`
--
ALTER TABLE `cajero`
 ADD KEY `usuario_idUsuario_idx` (`usuario_idUsuario3`), ADD KEY `deposito_idDeposito_idx` (`deposito_idDeposito3`);

--
-- Indices de la tabla `cliente`
--
ALTER TABLE `cliente`
 ADD PRIMARY KEY (`idCliente`), ADD KEY `persona_idPersona2` (`persona_idPersona2`);

--
-- Indices de la tabla `departamento`
--
ALTER TABLE `departamento`
 ADD PRIMARY KEY (`idDepartamento`), ADD KEY `empresa_idEmpresa_idx` (`empresa_idEmpresa1`);

--
-- Indices de la tabla `detalle`
--
ALTER TABLE `detalle`
 ADD PRIMARY KEY (`id`), ADD KEY `articulo_codigo_idx` (`articulo_codigo1`), ADD KEY `usuario_idUsuario_idx` (`usuario_idUsuario1`);

--
-- Indices de la tabla `detalleprov`
--
ALTER TABLE `detalleprov`
 ADD PRIMARY KEY (`idDetalleProveedor`), ADD KEY `proveedor_id` (`proveedor_id`), ADD KEY `producto_codigo_idx` (`producto_codigo`);

--
-- Indices de la tabla `empleado`
--
ALTER TABLE `empleado`
 ADD PRIMARY KEY (`idUsuario`), ADD KEY `persona_idPersona_idx` (`persona_idPersona`);

--
-- Indices de la tabla `empresa`
--
ALTER TABLE `empresa`
 ADD PRIMARY KEY (`idEmpresa`);

--
-- Indices de la tabla `factura`
--
ALTER TABLE `factura`
 ADD PRIMARY KEY (`id`), ADD KEY `idUsuario_idx` (`idUsuario`);

--
-- Indices de la tabla `iva`
--
ALTER TABLE `iva`
 ADD PRIMARY KEY (`idIva`);

--
-- Indices de la tabla `pedido`
--
ALTER TABLE `pedido`
 ADD PRIMARY KEY (`id`), ADD KEY `deposito_idDeposito_idx` (`deposito_idDeposito`), ADD KEY `articulo_codigo_idx` (`articulo_codigo`);

--
-- Indices de la tabla `persona`
--
ALTER TABLE `persona`
 ADD PRIMARY KEY (`idPersona`), ADD KEY `empresa_idEmpresa` (`empresa_idEmpresa`);

--
-- Indices de la tabla `proveedor`
--
ALTER TABLE `proveedor`
 ADD PRIMARY KEY (`id`);

--
-- Indices de la tabla `sucursal`
--
ALTER TABLE `sucursal`
 ADD PRIMARY KEY (`idDeposito`);

--
-- Indices de la tabla `unidad`
--
ALTER TABLE `unidad`
 ADD PRIMARY KEY (`idUnidad`);

--
-- AUTO_INCREMENT de las tablas volcadas
--

--
-- AUTO_INCREMENT de la tabla `articulo`
--
ALTER TABLE `articulo`
MODIFY `codigo` int(11) NOT NULL AUTO_INCREMENT,AUTO_INCREMENT=244;
--
-- AUTO_INCREMENT de la tabla `departamento`
--
ALTER TABLE `departamento`
MODIFY `idDepartamento` int(11) NOT NULL AUTO_INCREMENT,AUTO_INCREMENT=41;
--
-- AUTO_INCREMENT de la tabla `detalle`
--
ALTER TABLE `detalle`
MODIFY `id` int(11) NOT NULL AUTO_INCREMENT,AUTO_INCREMENT=3;
--
-- AUTO_INCREMENT de la tabla `detalleprov`
--
ALTER TABLE `detalleprov`
MODIFY `idDetalleProveedor` int(11) NOT NULL AUTO_INCREMENT,AUTO_INCREMENT=243;
--
-- AUTO_INCREMENT de la tabla `empleado`
--
ALTER TABLE `empleado`
MODIFY `idUsuario` int(11) NOT NULL AUTO_INCREMENT,AUTO_INCREMENT=3;
--
-- AUTO_INCREMENT de la tabla `empresa`
--
ALTER TABLE `empresa`
MODIFY `idEmpresa` int(11) NOT NULL AUTO_INCREMENT,AUTO_INCREMENT=2;
--
-- AUTO_INCREMENT de la tabla `factura`
--
ALTER TABLE `factura`
MODIFY `id` int(11) NOT NULL AUTO_INCREMENT,AUTO_INCREMENT=3;
--
-- AUTO_INCREMENT de la tabla `iva`
--
ALTER TABLE `iva`
MODIFY `idIva` int(11) NOT NULL AUTO_INCREMENT,AUTO_INCREMENT=4;
--
-- AUTO_INCREMENT de la tabla `pedido`
--
ALTER TABLE `pedido`
MODIFY `id` int(11) NOT NULL AUTO_INCREMENT,AUTO_INCREMENT=244;
--
-- AUTO_INCREMENT de la tabla `persona`
--
ALTER TABLE `persona`
MODIFY `idPersona` int(11) NOT NULL AUTO_INCREMENT,AUTO_INCREMENT=3;
--
-- AUTO_INCREMENT de la tabla `proveedor`
--
ALTER TABLE `proveedor`
MODIFY `id` int(11) NOT NULL AUTO_INCREMENT,AUTO_INCREMENT=3;
--
-- AUTO_INCREMENT de la tabla `sucursal`
--
ALTER TABLE `sucursal`
MODIFY `idDeposito` int(11) NOT NULL AUTO_INCREMENT,AUTO_INCREMENT=2;
--
-- AUTO_INCREMENT de la tabla `unidad`
--
ALTER TABLE `unidad`
MODIFY `idUnidad` int(11) NOT NULL AUTO_INCREMENT,AUTO_INCREMENT=2;
--
-- Restricciones para tablas volcadas
--

--
-- Filtros para la tabla `articulo`
--
ALTER TABLE `articulo`
ADD CONSTRAINT `departamento_idDepartamento` FOREIGN KEY (`departamento_idDepartamento`) REFERENCES `departamento` (`idDepartamento`) ON DELETE CASCADE ON UPDATE CASCADE,
ADD CONSTRAINT `iva_ivaVenta` FOREIGN KEY (`iva_ivaventa`) REFERENCES `iva` (`idIva`) ON DELETE CASCADE ON UPDATE CASCADE,
ADD CONSTRAINT `iva_ivacompra` FOREIGN KEY (`iva_ivacompra`) REFERENCES `iva` (`idIva`) ON DELETE CASCADE ON UPDATE CASCADE,
ADD CONSTRAINT `unidad_idUnidad` FOREIGN KEY (`unidad_idUnidad`) REFERENCES `unidad` (`idUnidad`) ON DELETE CASCADE ON UPDATE CASCADE;

--
-- Filtros para la tabla `cajero`
--
ALTER TABLE `cajero`
ADD CONSTRAINT `deposito_idDeposito3` FOREIGN KEY (`deposito_idDeposito3`) REFERENCES `sucursal` (`idDeposito`) ON DELETE CASCADE ON UPDATE CASCADE,
ADD CONSTRAINT `usuario_idUsuario3` FOREIGN KEY (`usuario_idUsuario3`) REFERENCES `empleado` (`idUsuario`) ON DELETE CASCADE ON UPDATE CASCADE;

--
-- Filtros para la tabla `cliente`
--
ALTER TABLE `cliente`
ADD CONSTRAINT `persona_idPersona2` FOREIGN KEY (`persona_idPersona2`) REFERENCES `persona` (`idPersona`) ON DELETE CASCADE ON UPDATE CASCADE;

--
-- Filtros para la tabla `departamento`
--
ALTER TABLE `departamento`
ADD CONSTRAINT `empresa_idEmpresa1` FOREIGN KEY (`empresa_idEmpresa1`) REFERENCES `empresa` (`idEmpresa`) ON DELETE CASCADE ON UPDATE CASCADE;

--
-- Filtros para la tabla `detalle`
--
ALTER TABLE `detalle`
ADD CONSTRAINT `articulo_codigo1` FOREIGN KEY (`articulo_codigo1`) REFERENCES `articulo` (`codigo`) ON DELETE CASCADE ON UPDATE CASCADE,
ADD CONSTRAINT `usuario_idUsuario1` FOREIGN KEY (`usuario_idUsuario1`) REFERENCES `empleado` (`idUsuario`) ON DELETE CASCADE ON UPDATE CASCADE;

--
-- Filtros para la tabla `detalleprov`
--
ALTER TABLE `detalleprov`
ADD CONSTRAINT `producto_codigo` FOREIGN KEY (`producto_codigo`) REFERENCES `articulo` (`codigo`) ON DELETE CASCADE ON UPDATE CASCADE,
ADD CONSTRAINT `proveedor_id` FOREIGN KEY (`proveedor_id`) REFERENCES `proveedor` (`id`) ON DELETE CASCADE ON UPDATE CASCADE;

--
-- Filtros para la tabla `empleado`
--
ALTER TABLE `empleado`
ADD CONSTRAINT `persona_idPersona` FOREIGN KEY (`persona_idPersona`) REFERENCES `persona` (`idPersona`) ON DELETE CASCADE ON UPDATE CASCADE;

--
-- Filtros para la tabla `factura`
--
ALTER TABLE `factura`
ADD CONSTRAINT `idUsuario` FOREIGN KEY (`idUsuario`) REFERENCES `empleado` (`idUsuario`) ON DELETE CASCADE ON UPDATE CASCADE;

--
-- Filtros para la tabla `pedido`
--
ALTER TABLE `pedido`
ADD CONSTRAINT `articulo_codigo` FOREIGN KEY (`articulo_codigo`) REFERENCES `articulo` (`codigo`) ON DELETE CASCADE ON UPDATE CASCADE,
ADD CONSTRAINT `deposito_idDeposito` FOREIGN KEY (`deposito_idDeposito`) REFERENCES `sucursal` (`idDeposito`) ON DELETE CASCADE ON UPDATE CASCADE;

--
-- Filtros para la tabla `persona`
--
ALTER TABLE `persona`
ADD CONSTRAINT `empresa_idEmpresa` FOREIGN KEY (`empresa_idEmpresa`) REFERENCES `empresa` (`idEmpresa`) ON DELETE CASCADE ON UPDATE CASCADE;

/*!40101 SET CHARACTER_SET_CLIENT=@OLD_CHARACTER_SET_CLIENT */;
/*!40101 SET CHARACTER_SET_RESULTS=@OLD_CHARACTER_SET_RESULTS */;
/*!40101 SET COLLATION_CONNECTION=@OLD_COLLATION_CONNECTION */;
